{"oxNHHM2upTGWWPYDfxfvGQ==":"universite_de_montreal_logo-335x128.png","0kiubfwPEuUWDf9kJ36Tng==":"universite_de_montreal_logo-1-335x128.png","edImxJ2RVKhQA8e28CaAIg==":"1280px-universite_de_montreal_logo.svg-314x128.png","lFmN48+g1BNLyuh7wVMqDQ==":"mbr-1280x1920.jpg","APPuwPW2j0ZwD1+HUEio+w==":"biology-2jpg-961x1365.jpg","4885p1cFAk3PkrnnAswgTQ==":"biology-2jpg-1-961x1365.jpg","47KEXcPqYqFnFcSt9Pvt2w==":"biology-220005-1280-853x1280.jpg","my1SQ17YD184nWUT+Ytpdg==":"biology-220005-1281-853x1280.jpg","haEPa2r/cSR6tAuK2adiMg==":"biology-220005-1282-853x1280.jpg","HwvZ5ow6mFxLbwd5Syy76A==":"labphoto2019-1400x1867.jpg","g8liUyhFXg4LBjt97qkHcQ==":"mbr-265x133.jpg","nIFdQQ3MFVTyhT4lIDE2yg==":"templatemo_image-4-203x128.png","AhMa+d4VdynvZU/W/DiR/A==":"templatemo_image-4-377x275.png","8OczJuRsgrD+JzHmpIyf3g==":"templatemo_image-5-377x275.png","ay0mFoSiWjXVBhHQLpYMxw==":"templatemo_image-1-880x632.png","K5QNMvisyzbf9ZKrAJTHHQ==":"templatemo_image-2-880x632.png","g13vFLmgSrtLRc7wH4LIxQ==":"templatemo_image-3-880x632.png","VK606E7I8jsh1McpDmtb1A==":"templatemo_image-4-880x632.png","hSGtAialK5fB3+0m8VUT8Q==":"biology-2jpg-2-961x1365.jpg","5TMzoxfOvhJjVAxeOY1nTQ==":"mbr-1920x1280.jpg","mwHx9BUWq14Bf5L8Wh5m0w==":"transglutaminase_research-378x154.jpg","m2QvE8JkamhCgpDmNI/7GQ==":"spr_research-400x300.jpg","TVTlEIBSm5vq5GVUxjgvHQ==":"spr_research-797x565.jpg","avqP1Xjhm5/AR169pQ5qvA==":"beta_lactamase-672x1176.jpg","0DS7jO3Fpf1mnAqhlZdZeg==":"beta_lactamase-1188x1095.jpg","pFjOFlihzgc+fe2TOtktGA==":"spr_research-1-797x565.jpg","cOffHnhmNSRVjYWjQmQ/lg==":"beta_lactamase-1-1188x1095.jpg","URUaoFKE0JXmXcmgQmcL2w==":"labphoto2019_top-2000x570.jpg","m8bJ/wQ+wFQvbeGoIEfMQA==":"labphoto2019_bot-1400x1470.jpg","sXWr/8xFHMwqWmxx7ByfWw==":"labphoto2019_top-1-2000x570.jpg","Q3veXl594i/phx1tKaOi4Q==":"labphoto2019_top1-2000x679.jpg","HezAD3raKUMidsbgDQrkZA==":"labphoto2019_top1-1-2000x679.jpg","8OJqfC6+9adqpCfM3rLVYg==":"labphoto2019_top1-2-2000x679.jpg","kGVBXZtf0RiRdd1Z4QQWew==":"labphoto2019_top1-3-2000x679.jpg","SP4QMW1Tp0Ye5WHqq9BUnA==":"labphoto2019_top1-4-2000x679.jpg","TRyvFPQbcbii4n1qQ5+JXA==":"labphoto2019top3-2000x547.jpg","zWzr8pkpHbpZ8bSK/ThQjg==":"logo%20udem%20proteo-490x128.png","LjEe9AvP8csXX/Hqd57VEw==":"logo%20udem%20proteo-490x128.png","aI40PUL4BWviBqoOsqh+UQ==":"logo%20udem%20proteo-489x128.png","Gazg+PQCdIWL7GIFsf5cOg==":"logo%20udem%20proteo-427x112.png","ERN7522fb76vZk7VLRHRjQ==":"logo%20udem%20proteo-377x112.png","K7ygfIpzMKJfK4O4pixhYw==":"logo%20udem%20proteo-304x82.png","zNBgioMbSBYdL3W0F0KU8A==":"logo%20udem%20proteo-311x71.png","9zBdyuNyFStkCck29cu6nQ==":"joelle-211x234.jpg","fEKD7c5K65l7DXa68qp99A==":"joelle-1400x1050.jpg","K+1xI4cGVb2eZkoe1cHplA==":"ali-1400x1867.jpg","TvnQsS4qgtMlK6eThWi8jA==":"lorea-205x234.jpg","sOLdyBj8CLgHAn/ubOjZVw==":"adem-1129x1025.jpg","OjTThZRWZxOcv++3FCXdZg==":"jonathan-600x692.jpg","i+DQqy9bpKoNOVSqHYmzAA==":"jonathan-1-600x692.jpg","bRV7/0oW0A6JMw+ktSDLRg==":"adem-600x545.jpg","EMQ/wAwzfbXcTrF2bHp/Ww==":"claudele-114x151.jpg","vWyQFOeew1SS8bLH4IF0AA==":"claudelle-200x265.jpg","wZ+CwMj0xROsbU+Q1sEu0g==":"claudelle-1-200x265.jpg","9t6JVRatmCe/+PQDSsQBNg==":"claudelle-2-200x265.jpg","mIDQ9icE2owxviwLsltc7A==":"adem-1-600x545.jpg","Bd4mFhRY58aO7DkEhkWOPw==":"claudelle-300x397.jpg","LQ/nUUj++C/V4nidLYrvag==":"christophe-600x800.jpg","/W8PoSuCK+GXX+4y4L45kw==":"benjamin-600x798.jpg","kzzgrTFTKlDSt9QVYfsgeQ==":"jonathan-2-600x692.jpg","yuCu7T+lv3+6Zm+SPgxQqw==":"adem-2-600x545.jpg","34oUHR0xLyImiGO0w4eu5w==":"vide-600x476.png","RM29LAzRFNz0C+pMXdNgiA==":"mbr-600x600.jpg","nl8AjIdwxo+6dcRwcjXQHw==":"sarahouadhi-350x350.jpg","BrWSfYp6Qpp9A+ZWcOjquA==":"antoine-351x343.png","7kgZD4MAgJVhrp1z2kyXvg==":"tiffany-229x314.png","S0ojjgr+PkxX/xfBdIlkvg==":"tiffany-1-229x314.png","3J2jeHwFwglmue4pF/ezYQ==":"tiffany-300x411.jpg","z1oF52m1/sL1dcl0M674Pw==":"zineb-600x754.jpg","ddipBjGy/+3+vJijksfBHg==":"zineb-1-600x754.jpg","FbTRp1CyuoMhynlSJFSXcw==":"simon-298x357.jpg","4KmRgzCXv+GYZr2Z6VHobw==":"vanessa-93x151.png","2vTsT5/B4xviDzyxNSNN8g==":"vplbvanp_400x400-400x400.jpg","nnx4yiQ7ZyLHzmTPN/uhWA==":"vanessa-300x487.jpg","Px2VrUsZY7k6FrzLGhgV1A==":"kevind-211x231.jpg","XhZuU96x3Cr7c+4jzgF3rQ==":"kevind-1-211x231.jpg","+t/N14+KI66hl09weYaEQQ==":"kevin-300x328.jpg","HKf7MNDiZo3sHWn6WWgwzA==":"nadia-211x234.jpg","i7riuLGa7o8loza7MC8G8w==":"nadia-300x333.jpg","bjFkvcZXbtrRHjlCjfZD8A==":"nadia-1-300x333.jpg","gtO3fZxNarJzoGjzCmrlsw==":"olivier-211x234.jpg","W+D54RoxmusUcmtN+OEysQ==":"olivier-300x333.jpg","cnbNA4gKG+4jsIap0vHQYw==":"logo%20udem%20ccvc%20proteo-604x128.png","Colja6fkhBlz+NzmseUPUg==":"dhfr-500x130.jpg","UmZRdggniuoa0dnPRU5fPg==":"dhfr-1-500x130.jpg","VLKI9RDS2cWcw64ITo5zMQ==":"dhfr-1400x364.jpg","rNN5gmmY9hRhBz/N+4NrdA==":"dhfr-1-1400x364.jpg","WRlL5PaKZpQ9ZWFf/wcQmg==":"dhfr-600x156.jpg","UFSGg8G1mvk99pkjBabSrg==":"dhfr-1-600x156.jpg","6GzNgOO0QIKLH5rp2gfYMQ==":"dhfr1-600x156.jpg","zuaj6JeZsNNKTk0h+KYPYg==":"dhfr1-805x600.jpg","jC6jfI8Q6UsqFwbbiQp2XA==":"ferran-500x813.jpg","Jpb79hJ+JM3HbHQyk72xwg==":"ingrid-500x818.jpg","X5r+qKTdKIvIUq3riVGa6Q==":"lukas-500x692.jpg","ZsS5OlNb89HswtVZMyWu6w==":"lukas-1-500x692.jpg","f3dUQw35YrrSbVvdpipkUw==":"lukas-600x450.jpg","+CKd3IFAea78QgjBUCR5oQ==":"ingrid-600x1064.jpg","SQENki4tuU2WwbehZqRfHg==":"daniela-178x213.jpg","HYTbQuUhCvqUxzlfMGmrAw==":"olivier-1-211x234.jpg","73nUhtuq3vTyR6OgWBMObA==":"natalie-211x234.jpg","+2z86sN5wUaDKvH3aP2nsg==":"max-211x234.jpg","x2ExTQcy8/9FGmAh2omHmg==":"sarah2-149x195.jpg","PxpL3clU1PudcPmvYEr+uw==":"dcharbonneau3-321x320.jpg","dx3D3a4pGdJ1MdY8Rjzxjw==":"sophie-211x234.jpg","C7LFV+gyNMmC8vAs0PrsDQ==":"jacynthe-211x234.jpg","7Bdm8uZF7bRSkXxl5vCC5A==":"news1-1400x1106.png","tCEdFemJCeLTRAFgg5VoOg==":"news2-514x440.png","TKIBm1H3TI7qza3f662L7w==":"news1-1-1400x1106.png","beXZVYeQVzVdE2F+ZRMCnQ==":"news2-1-514x440.png","5jhSMRW281hS+btjgGsBsQ==":"news1-2-1400x1106.png","+yECmBky5YG1TPm+aQwOVw==":"news2-2-514x440.png","9Zg2D0rVDyXVWu8YvLtxjQ==":"news3-600x423.png","Q+Jsseho0tGIlij1gwQcig==":"news4-435x374.png","+zyklq3Go7WM2yjKa2HXMA==":"labphoto2019-1-1400x1867.jpg","tm2MASKsp1jJe54r9wwaLw==":"bg_home-2000x2667.jpg","xKgtRCZvdb2ppA1P2RF0cQ==":"bg_home1-2000x2667.jpg","P0nKZDURdHDi9wpbkKruVg==":"team%20(2)-1179x812.jpg","0/D7lsBHdDEysw7yBGQmuA==":"team%20(3)-1178x915.jpg","CcBQJdgNQUNTjdxQPehe+w==":"team%20(3)-1178x891.jpg","uNsn+n//Y0YD3mxQ8YfVyg==":"dhfr1-1-805x600.jpg","vFLewNwjr1or4HkUi2TIbw==":"team-1200x1600.jpg","t4A+CBmNKoibDuaz/q4L7w==":"team%20(3)-1178x891.jpg","w++zCQpcQcYC0LRr1AbibQ==":"team-1-1200x1600.jpg","S6L32MJWXAWke8z2CiC67A==":"team-2-1200x1600.jpg","G57NtoTdX7gi4sA4xUIhBw==":"team-3-1200x1600.jpg","0Ack2eOvfgAiMHV+IfpfHQ==":"claudele-1400x1623.jpeg","dQ+/YFh9ZX2Cf9JJycjw9g==":"claudele-1-1400x1623.jpeg","i1kwTCZWa9Gz0jQbUZ3/HA==":"mbr-1920x960.jpg","8Se75GnFIClsm7d+jiJx1w==":"spr-658x418.png","EBaIZHiftQgejfjDATTmZA==":"beta%20lac-747x558.png","SYqk7Q4+SIpEEA8YCGus2A==":"beta%20lac-589x256.png","u/aaRukrohEGvlCMVUbm3w==":"mbr-1-600x600.jpg","IfpP4itUyPb5Z/7CZvizJw==":"plain-white-background-1480544970glp-266x150.jpg","eb1SR3+b/b3GzGdVRv6zUA==":"daniela_quaglia-512x512.jpg","9S/zAZuVWwLWt+BbGpp2Bg==":"img-3624-1400x1877.jpg","LKsVGzerhr3UpS8iXiS6Kg==":"thumbnail_image-176x282.png","Q4QAq2pRbWbZvIEEUZLPgg==":"img-4736-750x1334.png","HbttXVJFgKXAbnEavUNNZQ==":"img_4736%20(2)-723x549.png","fDlqxIURA+ZsjSNHhOMAHQ==":"image-175x210.png","r4qb8DJK0ZQVGomwhbZcnA==":"image-1-175x210.png","A/U91CYb/GOacdfP9v8RIQ==":"mbr-1280x1920.jpg","LcJ94nlah9NhGpCM6GsfEQ==":"whatsapp%20image%202020-11-17%20at%202.56.22%20pm-1200x1600.jpeg","WJkqrzWmGCs4STL+tYXMqA==":"lorea-205x234.jpeg","iEY/wzW//vtSdDNUFqmaJQ==":"126912250_3382412045139627_399114037261310840_n-600x584.jpg","AOiKsr4AnGOBOReVqzh7yg==":"mbr-600x600.jpg","tRIXyCqi0nDOHqtWuxdu2Q==":"81384920_2767094690014070_481246592981008384_n-600x750.jpeg","a49hKskHp4IR5d9YwvyAlw==":"81384920_2767094690014070_481246592981008384_n-1-600x750.jpeg","j2nD6EPY9zNqg6z+/GKFoA==":"lorea-205x234.jpg","0UpLgYVWEhK6m4RP6U7k/w==":"olivier-1-211x234.jpg","ScCjDBt2T9/nCSu83E9nZA==":"olivier-1-211x234.jpeg","ysNsdBEYt/FMw5hKUX7uhA==":"jacynthe-211x234.jpg","TqWfyggF7fpqU/sFgkZ/Fg==":"81384920_2767094690014070_481246592981008384_n-2-600x750.jpeg","gaD4M5y6/liyiANXTa6rRg==":"cs1c02017-5-500x176.jpg","4A87/7rVo/ysvtPZmSbLVA==":"screenshot%202021-07-15%20131402-1008x819.jpg","xqiz3HltUTH4+p/Xvax9Ug==":"picture1-984x441.jpg","sttS9K0DHpkO1pp36Ut7HA==":"caf8faed-e1d6-4a63-ac6d-3d576b57489b%20(1)-1400x875.jpeg","Hh9hRm0NWxCKhJ5zracgwg==":"caf8faed-e1d6-4a63-ac6d-3d576b57489b%20(1)-1400x875.jpeg","vV/eBsGswDGKebgEfZK8WA==":"white-600x300.jpg","4ufaCEnUczuTWgm0j1WmJg==":"maxime%20st%20aubin-600x800.jpeg","GkjjtaPlKqtQcdTp3GthDg==":"maxime%20st%20aubin-600x800.jpeg","30wNQ0UrRrwTQXaaJo6IuQ==":"l%C3%A9a%20rochet-430x542.jpeg","+kVUg99IVGdIgzW2r43tzQ==":"cellier-goetghbeur_stella-d0407276.webp","E9OE+92DCXfpCOy+GCoR5Q==":"white-600x300.jpeg","UtW8zaIpFpwtEmzDz99KiA==":"white-1-600x300.jpeg","xC2U7ROekQJkkPmcEP5+3g==":"white-2-600x300.jpeg","81ag4zu0RnupubLxo76aaQ==":"white-3-600x300.jpeg","kj0ZA57TCT1lmHlV5SrWog==":"white-4-600x300.jpeg","8GCTXXRiBXnFIjfpFN1bvg==":"white-5-600x300.jpeg","X6OlDghIKyeffXRGnoCxDw==":"white-6-600x300.jpeg","7n9uTJ0u97zJEPz7M6Cu3g==":"white-7-600x300.jpeg","hK57koo6tZKTXLUfYPXCng==":"white-8-600x300.jpeg","sQWJwNGMX97CFwlo7W/cZg==":"white-9-600x300.jpeg","mIMqN3X4yCB4YcppeR+rVg==":"white-10-600x300.jpeg","Fj8zzYjK7/rQXvM65FYsUg==":"fred%202017-600x600.jpeg","7IcDQF5a2fJahLuTrjM/Bw==":"alexis%20bonneau%20burke-600x600.jpeg","4pfupKFezhbH7WZd4DqwUw==":"chlo%C3%A9%20louis%20gavet-600x602.jpeg","JoPp6rQBgzWHxlFHYaVy/w==":"chlo%C3%A9%20louis%20gavet-600x602.jpeg","L54LeeD5jgJPHFf7+qFoIA==":"princesse-218x207.jpeg","ltce4qoJxoN/JjXBNWN9Sg==":"white-11-600x300.jpeg","EOqaH5X0avSEPf8g5IfOIQ==":"126912250_3382412045139627_399114037261310840_n-1400x1362.jpg","0iuDLPi03oF8OjEiqRcBUQ==":"maxime%20st%20aubin-1400x1867.jpeg","WmhEsyf/MyG7iXxZR3GuXg==":"f853066d-9a65-4494-bf17-b8fa6c3e2ecf-1400x1050.jpg","iECCuHWULNdV/CZ7zA1e3g==":"f853066d-9a65-4494-bf17-b8fa6c3e2ecf-1400x1050.jpeg","a4bwWqn90HPoPvIV274BqA==":"csm_galerie_campusmil-001_c2bd1921fc-1920x1280.jpg","Jk/jZ6AMRIQEAFd9pPXkDw==":"csm_galerie_campusmil-001_c2bd1921fc-1920x1280.jpeg","1vLpq6fCMKZDjMUudVPrCw==":"csm_galerie_campusmil-005_7a9a2f188c-1920x1280.jpg","PdSDwQq8sy2u8hlaZk841w==":"fred-600x635.jpeg","N6wfc24PW+Fks9Zh60FXzw==":"fred-1-600x635.jpeg","CQkUAfSS22nWCqVeBTENKg==":"logo-udem-ccvc-proteo-604x128.png","P2bm0/L/2A0p55IQWVsqXA==":"princesse-600x800.jpeg","vbT6NtS3g8gHyjVK7DZRsg==":"enzymes%20lab-1400x573.png","fL2p4QJj3Ma270LmIQCk9Q==":"transglutaminase-research-378x154.jpeg","Im1g2ek3zzxjW61Xk4yb9g==":"hadi1-940x1984.jpeg","IKI/JOH6/qsmtQ5skaR0rA==":"hadi2-600x1082.jpeg","dkaV7/LTo5hcUAWOOTpmDA==":"katia%20hitache-217x202.jpg","Zs9hgsXDOfVz6OtcOG7DUw==":"alexis-600x799.jpeg","KIzEsdF5CvuQYmOGhGzo7A==":"princesse-1-600x800.jpeg","G+KU+0zH5CrCZEDu5kRYtg==":"img-3624-1400x1877.jpeg","b7nRZ6ZA/rbYPancZOIYPQ==":"ali-1400x1867.jpeg","fHgt6GprF80UWYuTuShUww==":"daniela_quaglia-512x512.jpeg","CKGjlxPbLimAhjClQFi64g==":"hadi2-1-600x1082.jpeg","AwntVeHntz2bzuIMpzbgvA==":"adem-1129x1025.jpeg","BLiz3ZhCiUCkDZozLJhE/Q==":"claudele-2-1400x1623.jpeg","EZNB4HlTSBVlDBN45MOv4Q==":"jonathan-2-600x692.jpeg","sGSIoEzLzvIlSV8VyfWUGQ==":"cellier-goetghbeur-stella-d0407276-1.webp","2vxn0oyWCkz12EuVk5swsA==":"126912250-3382412045139627-399114037261310840-n-600x584.jpeg","YgncJ6t3ErJlBPkESVs6ag==":"maxime-st-aubin-1-1400x1867.jpeg","QgWJBvUaBp0CaS8OKT5rBA==":"transglutaminase-research-1-378x154.jpeg","nYyAHPyOXQ2ZgyujBxAj5A==":"transglutaminase-research-2-378x154.jpeg","sv1lQq1Zkd95RNHWqy8Ugw==":"daniela_quaglia-600x400.jpeg","ESTsVZIQpEXC7vSe2FqkPg==":"hadi2-2-600x1082.jpeg","yJEQloeA6TdY5VwiHnLEBA==":"daniela_quaglia-1-600x400.jpeg","z9dARROjSexo8k1sa8aqpw==":"daniela_quaglia-600x400.jpg","NuiKtKi/zkwqRN79rN/INQ==":"douglas_fansher-600x800.jpg","nheratrazEZ9Hhie+Vf50g==":"douglas_fansher-600x800.jpeg","BRs40HcZN/YaXP8RSHoDiQ==":"f853066d-9a65-4494-bf17-b8fa6c3e2ecf-1400x1050.jpeg"}